<?xml version="1.0" encoding="UTF-8"?>
<project-private xmlns="http://www.netbeans.org/ns/project-private/1">
    <editor-bookmarks xmlns="http://www.netbeans.org/ns/editor-bookmarks/2" lastBookmarkId="0"/>
    <open-files xmlns="http://www.netbeans.org/ns/projectui-open-files/2">
        <group>
            <file>file:/C:/Users/User/OneDrive/Documents/NetBeansProjects/PROG-AssignmentQ2/test/Prog_AssignmentQ2/Question2NGTest.java</file>
            <file>file:/C:/Users/User/OneDrive/Documents/NetBeansProjects/PROG-AssignmentQ2/src/Prog_AssignmentQ2/Striker.java</file>
            <file>file:/C:/Users/User/OneDrive/Documents/NetBeansProjects/PROG-AssignmentQ2/src/Prog_AssignmentQ2/Player.java</file>
            <file>file:/C:/Users/User/OneDrive/Documents/NetBeansProjects/PROG-AssignmentQ2/src/Prog_AssignmentQ2/Defender.java</file>
            <file>file:/C:/Users/User/OneDrive/Documents/NetBeansProjects/PROG-AssignmentQ2/src/Prog_AssignmentQ2/Question2.java</file>
        </group>
    </open-files>
</project-private>
